timestamp,value
2026-08-01T00:00:00Z,0.729684
2026-08-02T00:00:00Z,0.713904
2026-08-03T00:00:00Z,0.785905
2026-08-04T00:00:00Z,0.81163
2026-08-05T00:00:00Z,0.770855
2026-08-06T00:00:00Z,0.803015
2026-08-07T00:00:00Z,0.882293
2026-08-08T00:00:00Z,0.946848
2026-08-09T00:00:00Z,0.940891
2026-08-10T00:00:00Z,1.0
2026-08-11T00:00:00Z,0.949133
2026-08-12T00:00:00Z,0.93927
2026-08-13T00:00:00Z,0.892961
2026-08-14T00:00:00Z,0.868748
2026-08-15T00:00:00Z,0.830249
2026-08-16T00:00:00Z,0.807077
2026-08-17T00:00:00Z,0.831112
2026-08-18T00:00:00Z,0.773814
2026-08-19T00:00:00Z,0.807886
2026-08-20T00:00:00Z,0.814799
2026-08-21T00:00:00Z,0.837172
2026-08-22T00:00:00Z,0.835046
2026-08-23T00:00:00Z,0.810541
2026-08-24T00:00:00Z,0.731332
2026-08-25T00:00:00Z,0.661941
2026-08-26T00:00:00Z,0.663981
2026-08-27T00:00:00Z,0.688499
2026-08-28T00:00:00Z,0.756927
2026-08-29T00:00:00Z,0.77514
2026-08-30T00:00:00Z,0.760506
2026-08-31T00:00:00Z,0.663555
